timeStamp,elapsed,label,responseCode,responseMessage,threadName,dataType,success,failureMessage,bytes,sentBytes,grpThreads,allThreads,URL,Latency,IdleTime,Connect
1783973894611,88,Verb,200,"Number of samples in transaction : 1, number of failing samples : 0",Thread Group 1-1,,true,,251,126,2,2,null,0,2015,2
1783973896625,88,Verb,200,OK,Thread Group 1-1,text,true,,251,126,2,2,http://localhost:8080/words/verb,88,0,2
1783973895620,12,Verb,200,"Number of samples in transaction : 1, number of failing samples : 0",Thread Group 1-2,,true,,252,126,2,2,null,0,2006,1
1783973897625,12,Verb,200,OK,Thread Group 1-2,text,true,,252,126,2,2,http://localhost:8080/words/verb,12,0,1
1783973896725,25,Noun 2,200,"Number of samples in transaction : 1, number of failing samples : 0",Thread Group 1-1,,true,,256,130,2,2,null,0,2001,0
1783973898726,25,Noun 2,200,OK,Thread Group 1-1,text,true,,256,130,2,2,http://localhost:8080/words/noun?n=2,25,0,0
1783973897638,27,Noun 2,200,"Number of samples in transaction : 1, number of failing samples : 0",Thread Group 1-2,,true,,251,130,2,2,null,0,2008,0
1783973899645,27,Noun 2,200,OK,Thread Group 1-2,text,true,,251,130,2,2,http://localhost:8080/words/noun?n=2,27,0,0
1783973898752,43,Noun 1,200,"Number of samples in transaction : 1, number of failing samples : 0",Thread Group 1-1,,true,,257,130,2,2,null,0,2010,0
1783973900761,43,Noun 1,200,OK,Thread Group 1-1,text,true,,257,130,2,2,http://localhost:8080/words/noun?n=1,43,0,0
1783973899675,132,Noun 1,200,"Number of samples in transaction : 1, number of failing samples : 0",Thread Group 1-2,,true,,259,130,2,2,null,0,2011,0
1783973901685,132,Noun 1,200,OK,Thread Group 1-2,text,true,,259,130,2,2,http://localhost:8080/words/noun?n=1,131,0,0
1783973900807,15,Adjective  2,Non HTTP response code: org.apache.http.NoHttpResponseException,"Number of samples in transaction : 1, number of failing samples : 1",Thread Group 1-1,,false,,2068,0,2,2,null,0,2011,0
1783973902813,15,Adjective  2,Non HTTP response code: org.apache.http.NoHttpResponseException,Non HTTP response message: localhost:8080 failed to respond,Thread Group 1-1,text,false,,2068,0,2,2,http://localhost:8080/words/adjective?n=2,0,0,0
1783973901819,0,Adjective  2,Non HTTP response code: org.apache.http.NoHttpResponseException,"Number of samples in transaction : 1, number of failing samples : 1",Thread Group 1-2,,false,,2068,0,2,2,null,0,2008,0
1783973903827,0,Adjective  2,Non HTTP response code: org.apache.http.NoHttpResponseException,Non HTTP response message: localhost:8080 failed to respond,Thread Group 1-2,text,false,,2068,0,2,2,http://localhost:8080/words/adjective?n=2,0,0,0
1783973902835,23,Adjective  1,Non HTTP response code: org.apache.http.NoHttpResponseException,"Number of samples in transaction : 1, number of failing samples : 1",Thread Group 1-1,,false,,2068,0,2,2,null,0,2013,8
1783973904842,23,Adjective  1,Non HTTP response code: org.apache.http.NoHttpResponseException,Non HTTP response message: localhost:8080 failed to respond,Thread Group 1-1,text,false,,2068,0,2,2,http://localhost:8080/words/adjective?n=1,0,0,8
1783973903828,4,Adjective  1,Non HTTP response code: org.apache.http.NoHttpResponseException,"Number of samples in transaction : 1, number of failing samples : 1",Thread Group 1-2,,false,,2068,0,2,2,null,0,2004,2
1783973905831,4,Adjective  1,Non HTTP response code: org.apache.http.NoHttpResponseException,Non HTTP response message: localhost:8080 failed to respond,Thread Group 1-2,text,false,,2068,0,2,2,http://localhost:8080/words/adjective?n=1,0,0,2
1783973904873,4,Verb,Non HTTP response code: org.apache.http.NoHttpResponseException,"Number of samples in transaction : 1, number of failing samples : 1",Thread Group 1-1,,false,,2068,0,2,2,null,0,2009,1
1783973906880,4,Verb,Non HTTP response code: org.apache.http.NoHttpResponseException,Non HTTP response message: localhost:8080 failed to respond,Thread Group 1-1,text,false,,2068,0,2,2,http://localhost:8080/words/verb,0,0,1
1783973905836,5,Verb,Non HTTP response code: org.apache.http.NoHttpResponseException,"Number of samples in transaction : 1, number of failing samples : 1",Thread Group 1-2,,false,,2068,0,2,2,null,0,2008,2
1783973907841,5,Verb,Non HTTP response code: org.apache.http.NoHttpResponseException,Non HTTP response message: localhost:8080 failed to respond,Thread Group 1-2,text,false,,2068,0,2,2,http://localhost:8080/words/verb,0,0,2
1783973906887,8,Noun 2,Non HTTP response code: org.apache.http.NoHttpResponseException,"Number of samples in transaction : 1, number of failing samples : 1",Thread Group 1-1,,false,,2068,0,2,2,null,0,2007,4
1783973908892,8,Noun 2,Non HTTP response code: org.apache.http.NoHttpResponseException,Non HTTP response message: localhost:8080 failed to respond,Thread Group 1-1,text,false,,2068,0,2,2,http://localhost:8080/words/noun?n=2,0,0,4
1783973907848,3,Noun 2,Non HTTP response code: org.apache.http.NoHttpResponseException,"Number of samples in transaction : 1, number of failing samples : 1",Thread Group 1-2,,false,,2068,0,2,2,null,0,2006,1
1783973909854,3,Noun 2,Non HTTP response code: org.apache.http.NoHttpResponseException,Non HTTP response message: localhost:8080 failed to respond,Thread Group 1-2,text,false,,2068,0,2,2,http://localhost:8080/words/noun?n=2,0,0,1
1783973908902,10,Noun 1,Non HTTP response code: org.apache.http.NoHttpResponseException,"Number of samples in transaction : 1, number of failing samples : 1",Thread Group 1-1,,false,,2068,0,2,2,null,0,2008,6
1783973910909,10,Noun 1,Non HTTP response code: org.apache.http.NoHttpResponseException,Non HTTP response message: localhost:8080 failed to respond,Thread Group 1-1,text,false,,2068,0,2,2,http://localhost:8080/words/noun?n=1,0,0,6
1783973909857,4,Noun 1,Non HTTP response code: org.apache.http.NoHttpResponseException,"Number of samples in transaction : 1, number of failing samples : 1",Thread Group 1-2,,false,,2068,0,2,2,null,0,2006,1
1783973911863,4,Noun 1,Non HTTP response code: org.apache.http.NoHttpResponseException,Non HTTP response message: localhost:8080 failed to respond,Thread Group 1-2,text,false,,2068,0,2,2,http://localhost:8080/words/noun?n=1,0,0,1
1783973910920,4,Adjective  2,Non HTTP response code: org.apache.http.NoHttpResponseException,"Number of samples in transaction : 1, number of failing samples : 1",Thread Group 1-1,,false,,2068,0,2,2,null,0,2007,1
1783973912926,4,Adjective  2,Non HTTP response code: org.apache.http.NoHttpResponseException,Non HTTP response message: localhost:8080 failed to respond,Thread Group 1-1,text,false,,2068,0,2,2,http://localhost:8080/words/adjective?n=2,0,0,1
1783973911867,11,Adjective  2,Non HTTP response code: org.apache.http.NoHttpResponseException,"Number of samples in transaction : 1, number of failing samples : 1",Thread Group 1-2,,false,,2068,0,2,2,null,0,2015,4
1783973913880,11,Adjective  2,Non HTTP response code: org.apache.http.NoHttpResponseException,Non HTTP response message: localhost:8080 failed to respond,Thread Group 1-2,text,false,,2068,0,2,2,http://localhost:8080/words/adjective?n=2,0,0,4
1783973912931,5,Adjective  1,Non HTTP response code: org.apache.http.NoHttpResponseException,"Number of samples in transaction : 1, number of failing samples : 1",Thread Group 1-1,,false,,2068,0,2,2,null,0,2007,2
1783973914937,5,Adjective  1,Non HTTP response code: org.apache.http.NoHttpResponseException,Non HTTP response message: localhost:8080 failed to respond,Thread Group 1-1,text,false,,2068,0,2,2,http://localhost:8080/words/adjective?n=1,0,0,2
1783973913894,16,Adjective  1,Non HTTP response code: org.apache.http.NoHttpResponseException,"Number of samples in transaction : 1, number of failing samples : 1",Thread Group 1-2,,false,,2068,0,2,2,null,0,2010,8
1783973915903,16,Adjective  1,Non HTTP response code: org.apache.http.NoHttpResponseException,Non HTTP response message: localhost:8080 failed to respond,Thread Group 1-2,text,false,,2068,0,2,2,http://localhost:8080/words/adjective?n=1,0,0,8
1783973914944,6,Verb,Non HTTP response code: org.apache.http.NoHttpResponseException,"Number of samples in transaction : 1, number of failing samples : 1",Thread Group 1-1,,false,,2068,0,2,2,null,0,2006,1
1783973916949,6,Verb,Non HTTP response code: org.apache.http.NoHttpResponseException,Non HTTP response message: localhost:8080 failed to respond,Thread Group 1-1,text,false,,2068,0,2,2,http://localhost:8080/words/verb,0,0,1
1783973915921,11,Verb,Non HTTP response code: org.apache.http.NoHttpResponseException,"Number of samples in transaction : 1, number of failing samples : 1",Thread Group 1-2,,false,,2068,0,2,2,null,0,2007,2
1783973917927,11,Verb,Non HTTP response code: org.apache.http.NoHttpResponseException,Non HTTP response message: localhost:8080 failed to respond,Thread Group 1-2,text,false,,2068,0,2,2,http://localhost:8080/words/verb,0,0,2
1783973916956,10,Noun 2,Non HTTP response code: org.apache.http.NoHttpResponseException,"Number of samples in transaction : 1, number of failing samples : 1",Thread Group 1-1,,false,,2068,0,2,2,null,0,2006,2
1783973918962,10,Noun 2,Non HTTP response code: org.apache.http.NoHttpResponseException,Non HTTP response message: localhost:8080 failed to respond,Thread Group 1-1,text,false,,2068,0,2,2,http://localhost:8080/words/noun?n=2,0,0,2
1783973917940,5,Noun 2,Non HTTP response code: org.apache.http.NoHttpResponseException,"Number of samples in transaction : 1, number of failing samples : 1",Thread Group 1-2,,false,,2068,0,2,2,null,0,2006,2
1783973919945,5,Noun 2,Non HTTP response code: org.apache.http.NoHttpResponseException,Non HTTP response message: localhost:8080 failed to respond,Thread Group 1-2,text,false,,2068,0,2,2,http://localhost:8080/words/noun?n=2,0,0,2
1783973918973,7,Noun 1,Non HTTP response code: org.apache.http.NoHttpResponseException,"Number of samples in transaction : 1, number of failing samples : 1",Thread Group 1-1,,false,,2068,0,2,2,null,0,2009,3
1783973920981,7,Noun 1,Non HTTP response code: org.apache.http.NoHttpResponseException,Non HTTP response message: localhost:8080 failed to respond,Thread Group 1-1,text,false,,2068,0,2,2,http://localhost:8080/words/noun?n=1,0,0,3
1783973919951,9,Noun 1,Non HTTP response code: org.apache.http.NoHttpResponseException,"Number of samples in transaction : 1, number of failing samples : 1",Thread Group 1-2,,false,,2068,0,2,2,null,0,2008,4
1783973921958,9,Noun 1,Non HTTP response code: org.apache.http.NoHttpResponseException,Non HTTP response message: localhost:8080 failed to respond,Thread Group 1-2,text,false,,2068,0,2,2,http://localhost:8080/words/noun?n=1,0,0,4
1783973920990,5,Adjective  2,Non HTTP response code: org.apache.http.NoHttpResponseException,"Number of samples in transaction : 1, number of failing samples : 1",Thread Group 1-1,,false,,2068,0,2,2,null,0,2007,2
1783973922997,5,Adjective  2,Non HTTP response code: org.apache.http.NoHttpResponseException,Non HTTP response message: localhost:8080 failed to respond,Thread Group 1-1,text,false,,2068,0,2,2,http://localhost:8080/words/adjective?n=2,0,0,2
1783973921970,6,Adjective  2,Non HTTP response code: org.apache.http.NoHttpResponseException,"Number of samples in transaction : 1, number of failing samples : 1",Thread Group 1-2,,false,,2068,0,2,2,null,0,2006,2
1783973923976,6,Adjective  2,Non HTTP response code: org.apache.http.NoHttpResponseException,Non HTTP response message: localhost:8080 failed to respond,Thread Group 1-2,text,false,,2068,0,2,2,http://localhost:8080/words/adjective?n=2,0,0,2
1783973923003,6,Adjective  1,Non HTTP response code: org.apache.http.NoHttpResponseException,"Number of samples in transaction : 1, number of failing samples : 1",Thread Group 1-1,,false,,2068,0,2,2,null,0,2007,3
1783973925009,6,Adjective  1,Non HTTP response code: org.apache.http.NoHttpResponseException,Non HTTP response message: localhost:8080 failed to respond,Thread Group 1-1,text,false,,2068,0,2,2,http://localhost:8080/words/adjective?n=1,0,0,3
1783973923984,6,Adjective  1,Non HTTP response code: org.apache.http.NoHttpResponseException,"Number of samples in transaction : 1, number of failing samples : 1",Thread Group 1-2,,false,,2068,0,2,2,null,0,2002,1
1783973925985,6,Adjective  1,Non HTTP response code: org.apache.http.NoHttpResponseException,Non HTTP response message: localhost:8080 failed to respond,Thread Group 1-2,text,false,,2068,0,2,2,http://localhost:8080/words/adjective?n=1,0,0,1
1783973925017,10,Verb,Non HTTP response code: org.apache.http.NoHttpResponseException,"Number of samples in transaction : 1, number of failing samples : 1",Thread Group 1-1,,false,,2068,0,2,2,null,0,2006,7
1783973927023,10,Verb,Non HTTP response code: org.apache.http.NoHttpResponseException,Non HTTP response message: localhost:8080 failed to respond,Thread Group 1-1,text,false,,2068,0,2,2,http://localhost:8080/words/verb,0,0,7
1783973925992,11,Verb,Non HTTP response code: org.apache.http.NoHttpResponseException,"Number of samples in transaction : 1, number of failing samples : 1",Thread Group 1-2,,false,,2068,0,2,2,null,0,2006,4
1783973927995,11,Verb,Non HTTP response code: org.apache.http.NoHttpResponseException,Non HTTP response message: localhost:8080 failed to respond,Thread Group 1-2,text,false,,2068,0,2,2,http://localhost:8080/words/verb,0,0,4
1783973927034,19,Noun 2,Non HTTP response code: org.apache.http.NoHttpResponseException,"Number of samples in transaction : 1, number of failing samples : 1",Thread Group 1-1,,false,,2068,0,2,2,null,0,2008,3
1783973929040,19,Noun 2,Non HTTP response code: org.apache.http.NoHttpResponseException,Non HTTP response message: localhost:8080 failed to respond,Thread Group 1-1,text,false,,2068,0,2,2,http://localhost:8080/words/noun?n=2,0,0,3
1783973928009,14,Noun 2,Non HTTP response code: org.apache.http.NoHttpResponseException,"Number of samples in transaction : 1, number of failing samples : 1",Thread Group 1-2,,false,,2068,0,2,2,null,0,2005,1
1783973930014,14,Noun 2,Non HTTP response code: org.apache.http.NoHttpResponseException,Non HTTP response message: localhost:8080 failed to respond,Thread Group 1-2,text,false,,2068,0,2,2,http://localhost:8080/words/noun?n=2,0,0,1
1783973929060,12,Noun 1,Non HTTP response code: org.apache.http.NoHttpResponseException,"Number of samples in transaction : 1, number of failing samples : 1",Thread Group 1-1,,false,,2068,0,2,2,null,0,2006,9
1783973931065,12,Noun 1,Non HTTP response code: org.apache.http.NoHttpResponseException,Non HTTP response message: localhost:8080 failed to respond,Thread Group 1-1,text,false,,2068,0,2,2,http://localhost:8080/words/noun?n=1,0,0,9
1783973930028,7,Noun 1,Non HTTP response code: org.apache.http.NoHttpResponseException,"Number of samples in transaction : 1, number of failing samples : 1",Thread Group 1-2,,false,,2068,0,2,2,null,0,2007,2
1783973932034,7,Noun 1,Non HTTP response code: org.apache.http.NoHttpResponseException,Non HTTP response message: localhost:8080 failed to respond,Thread Group 1-2,text,false,,2068,0,2,2,http://localhost:8080/words/noun?n=1,0,0,2
1783973931080,3,Adjective  2,Non HTTP response code: org.apache.http.NoHttpResponseException,"Number of samples in transaction : 1, number of failing samples : 1",Thread Group 1-1,,false,,2068,0,2,2,null,0,2001,1
1783973933082,3,Adjective  2,Non HTTP response code: org.apache.http.NoHttpResponseException,Non HTTP response message: localhost:8080 failed to respond,Thread Group 1-1,text,false,,2068,0,2,2,http://localhost:8080/words/adjective?n=2,0,0,1
1783973932042,11,Adjective  2,Non HTTP response code: org.apache.http.NoHttpResponseException,"Number of samples in transaction : 1, number of failing samples : 1",Thread Group 1-2,,false,,2068,0,2,2,null,0,2005,5
1783973934047,11,Adjective  2,Non HTTP response code: org.apache.http.NoHttpResponseException,Non HTTP response message: localhost:8080 failed to respond,Thread Group 1-2,text,false,,2068,0,2,2,http://localhost:8080/words/adjective?n=2,0,0,5
1783973933085,11,Adjective  1,Non HTTP response code: org.apache.http.NoHttpResponseException,"Number of samples in transaction : 1, number of failing samples : 1",Thread Group 1-1,,false,,2068,0,2,2,null,0,2007,4
1783973935091,11,Adjective  1,Non HTTP response code: org.apache.http.NoHttpResponseException,Non HTTP response message: localhost:8080 failed to respond,Thread Group 1-1,text,false,,2068,0,2,2,http://localhost:8080/words/adjective?n=1,0,0,4
1783973934060,19,Adjective  1,Non HTTP response code: org.apache.http.NoHttpResponseException,"Number of samples in transaction : 1, number of failing samples : 1",Thread Group 1-2,,false,,2068,0,2,2,null,0,2014,10
1783973936074,19,Adjective  1,Non HTTP response code: org.apache.http.NoHttpResponseException,Non HTTP response message: localhost:8080 failed to respond,Thread Group 1-2,text,false,,2068,0,2,2,http://localhost:8080/words/adjective?n=1,0,0,10
1783973935104,15,Verb,Non HTTP response code: org.apache.http.NoHttpResponseException,"Number of samples in transaction : 1, number of failing samples : 1",Thread Group 1-1,,false,,2068,0,2,2,null,0,2012,8
1783973937114,15,Verb,Non HTTP response code: org.apache.http.NoHttpResponseException,Non HTTP response message: localhost:8080 failed to respond,Thread Group 1-1,text,false,,2068,0,2,2,http://localhost:8080/words/verb,0,0,8
1783973936094,7,Verb,Non HTTP response code: org.apache.http.NoHttpResponseException,"Number of samples in transaction : 1, number of failing samples : 1",Thread Group 1-2,,false,,2068,0,2,2,null,0,2004,2
1783973938097,7,Verb,Non HTTP response code: org.apache.http.NoHttpResponseException,Non HTTP response message: localhost:8080 failed to respond,Thread Group 1-2,text,false,,2068,0,2,2,http://localhost:8080/words/verb,0,0,2
1783973937132,3,Noun 2,Non HTTP response code: org.apache.http.NoHttpResponseException,"Number of samples in transaction : 1, number of failing samples : 1",Thread Group 1-1,,false,,2068,0,2,2,null,0,2007,2
1783973939137,3,Noun 2,Non HTTP response code: org.apache.http.NoHttpResponseException,Non HTTP response message: localhost:8080 failed to respond,Thread Group 1-1,text,false,,2068,0,2,2,http://localhost:8080/words/noun?n=2,0,0,2
1783973938105,7,Noun 2,Non HTTP response code: org.apache.http.NoHttpResponseException,"Number of samples in transaction : 1, number of failing samples : 1",Thread Group 1-2,,false,,2068,0,2,2,null,0,2008,2
1783973940110,7,Noun 2,Non HTTP response code: org.apache.http.NoHttpResponseException,Non HTTP response message: localhost:8080 failed to respond,Thread Group 1-2,text,false,,2068,0,2,2,http://localhost:8080/words/noun?n=2,0,0,2
1783973939141,5,Noun 1,Non HTTP response code: org.apache.http.NoHttpResponseException,"Number of samples in transaction : 1, number of failing samples : 1",Thread Group 1-1,,false,,2068,0,2,2,null,0,2005,2
1783973941145,5,Noun 1,Non HTTP response code: org.apache.http.NoHttpResponseException,Non HTTP response message: localhost:8080 failed to respond,Thread Group 1-1,text,false,,2068,0,2,2,http://localhost:8080/words/noun?n=1,0,0,2
1783973940120,22,Noun 1,Non HTTP response code: org.apache.http.NoHttpResponseException,"Number of samples in transaction : 1, number of failing samples : 1",Thread Group 1-2,,false,,2068,0,2,2,null,0,2008,10
1783973942126,22,Noun 1,Non HTTP response code: org.apache.http.NoHttpResponseException,Non HTTP response message: localhost:8080 failed to respond,Thread Group 1-2,text,false,,2068,0,2,2,http://localhost:8080/words/noun?n=1,0,0,10
1783973941155,4,Adjective  2,Non HTTP response code: org.apache.http.NoHttpResponseException,"Number of samples in transaction : 1, number of failing samples : 1",Thread Group 1-1,,false,,2068,0,2,2,null,0,2006,2
1783973943160,4,Adjective  2,Non HTTP response code: org.apache.http.NoHttpResponseException,Non HTTP response message: localhost:8080 failed to respond,Thread Group 1-1,text,false,,2068,0,2,2,http://localhost:8080/words/adjective?n=2,0,0,2
1783973942151,4,Adjective  2,Non HTTP response code: org.apache.http.NoHttpResponseException,"Number of samples in transaction : 1, number of failing samples : 1",Thread Group 1-2,,false,,2068,0,2,2,null,0,2002,2
1783973944153,4,Adjective  2,Non HTTP response code: org.apache.http.NoHttpResponseException,Non HTTP response message: localhost:8080 failed to respond,Thread Group 1-2,text,false,,2068,0,2,2,http://localhost:8080/words/adjective?n=2,0,0,2
1783973943165,68,Adjective  1,Non HTTP response code: org.apache.http.NoHttpResponseException,"Number of samples in transaction : 1, number of failing samples : 1",Thread Group 1-1,,false,,2068,0,2,2,null,0,2014,20
1783973945174,68,Adjective  1,Non HTTP response code: org.apache.http.NoHttpResponseException,Non HTTP response message: localhost:8080 failed to respond,Thread Group 1-1,text,false,,2068,0,2,2,http://localhost:8080/words/adjective?n=1,0,0,20
1783973944157,11,Adjective  1,Non HTTP response code: org.apache.http.NoHttpResponseException,"Number of samples in transaction : 1, number of failing samples : 1",Thread Group 1-2,,false,,2068,0,2,2,null,0,2010,7
1783973946166,11,Adjective  1,Non HTTP response code: org.apache.http.NoHttpResponseException,Non HTTP response message: localhost:8080 failed to respond,Thread Group 1-2,text,false,,2068,0,2,2,http://localhost:8080/words/adjective?n=1,0,0,7
1783973945249,4,Verb,Non HTTP response code: org.apache.http.NoHttpResponseException,"Number of samples in transaction : 1, number of failing samples : 1",Thread Group 1-1,,false,,2068,0,2,2,null,0,2001,2
1783973947250,4,Verb,Non HTTP response code: org.apache.http.NoHttpResponseException,Non HTTP response message: localhost:8080 failed to respond,Thread Group 1-1,text,false,,2068,0,2,2,http://localhost:8080/words/verb,0,0,2
1783973946179,6,Verb,Non HTTP response code: org.apache.http.NoHttpResponseException,"Number of samples in transaction : 1, number of failing samples : 1",Thread Group 1-2,,false,,2068,0,2,2,null,0,2008,3
1783973948186,6,Verb,Non HTTP response code: org.apache.http.NoHttpResponseException,Non HTTP response message: localhost:8080 failed to respond,Thread Group 1-2,text,false,,2068,0,2,2,http://localhost:8080/words/verb,0,0,3
1783973947255,6,Noun 2,Non HTTP response code: org.apache.http.NoHttpResponseException,"Number of samples in transaction : 1, number of failing samples : 1",Thread Group 1-1,,false,,2068,0,2,2,null,0,2003,3
1783973949257,6,Noun 2,Non HTTP response code: org.apache.http.NoHttpResponseException,Non HTTP response message: localhost:8080 failed to respond,Thread Group 1-1,text,false,,2068,0,2,2,http://localhost:8080/words/noun?n=2,0,0,3
1783973948193,5,Noun 2,Non HTTP response code: org.apache.http.NoHttpResponseException,"Number of samples in transaction : 1, number of failing samples : 1",Thread Group 1-2,,false,,2068,0,2,2,null,0,2001,2
1783973950194,5,Noun 2,Non HTTP response code: org.apache.http.NoHttpResponseException,Non HTTP response message: localhost:8080 failed to respond,Thread Group 1-2,text,false,,2068,0,2,2,http://localhost:8080/words/noun?n=2,0,0,2
1783973949264,13,Noun 1,Non HTTP response code: org.apache.http.NoHttpResponseException,"Number of samples in transaction : 1, number of failing samples : 1",Thread Group 1-1,,false,,2068,0,2,2,null,0,2006,3
1783973951268,13,Noun 1,Non HTTP response code: org.apache.http.NoHttpResponseException,Non HTTP response message: localhost:8080 failed to respond,Thread Group 1-1,text,false,,2068,0,2,2,http://localhost:8080/words/noun?n=1,0,0,3
1783973950199,13,Noun 1,Non HTTP response code: org.apache.http.NoHttpResponseException,"Number of samples in transaction : 1, number of failing samples : 1",Thread Group 1-2,,false,,2068,0,2,2,null,0,2006,11
1783973952205,13,Noun 1,Non HTTP response code: org.apache.http.NoHttpResponseException,Non HTTP response message: localhost:8080 failed to respond,Thread Group 1-2,text,false,,2068,0,2,2,http://localhost:8080/words/noun?n=1,0,0,11
1783973951284,15,Adjective  2,Non HTTP response code: org.apache.http.NoHttpResponseException,"Number of samples in transaction : 1, number of failing samples : 1",Thread Group 1-1,,false,,2068,0,2,2,null,0,2010,6
1783973953294,15,Adjective  2,Non HTTP response code: org.apache.http.NoHttpResponseException,Non HTTP response message: localhost:8080 failed to respond,Thread Group 1-1,text,false,,2068,0,2,2,http://localhost:8080/words/adjective?n=2,0,0,6
1783973952219,6,Adjective  2,Non HTTP response code: org.apache.http.NoHttpResponseException,"Number of samples in transaction : 1, number of failing samples : 1",Thread Group 1-2,,false,,2068,0,2,2,null,0,2006,4
1783973954226,6,Adjective  2,Non HTTP response code: org.apache.http.NoHttpResponseException,Non HTTP response message: localhost:8080 failed to respond,Thread Group 1-2,text,false,,2068,0,2,2,http://localhost:8080/words/adjective?n=2,0,0,4
1783973953311,11,Adjective  1,Non HTTP response code: org.apache.http.NoHttpResponseException,"Number of samples in transaction : 1, number of failing samples : 1",Thread Group 1-1,,false,,2068,0,2,2,null,0,2008,8
1783973955318,11,Adjective  1,Non HTTP response code: org.apache.http.NoHttpResponseException,Non HTTP response message: localhost:8080 failed to respond,Thread Group 1-1,text,false,,2068,0,2,2,http://localhost:8080/words/adjective?n=1,0,0,8
1783973954234,6,Adjective  1,Non HTTP response code: org.apache.http.NoHttpResponseException,"Number of samples in transaction : 1, number of failing samples : 1",Thread Group 1-2,,false,,2068,0,2,2,null,0,2004,3
1783973956237,6,Adjective  1,Non HTTP response code: org.apache.http.NoHttpResponseException,Non HTTP response message: localhost:8080 failed to respond,Thread Group 1-2,text,false,,2068,0,2,2,http://localhost:8080/words/adjective?n=1,0,0,3
1783973955332,37,Verb,Non HTTP response code: org.apache.http.NoHttpResponseException,"Number of samples in transaction : 1, number of failing samples : 1",Thread Group 1-1,,false,,2068,0,2,2,null,0,2019,18
1783973957346,37,Verb,Non HTTP response code: org.apache.http.NoHttpResponseException,Non HTTP response message: localhost:8080 failed to respond,Thread Group 1-1,text,false,,2068,0,2,2,http://localhost:8080/words/verb,0,0,18
1783973956244,12,Verb,Non HTTP response code: org.apache.http.NoHttpResponseException,"Number of samples in transaction : 1, number of failing samples : 1",Thread Group 1-2,,false,,2068,0,2,2,null,0,2011,4
1783973958253,12,Verb,Non HTTP response code: org.apache.http.NoHttpResponseException,Non HTTP response message: localhost:8080 failed to respond,Thread Group 1-2,text,false,,2068,0,2,2,http://localhost:8080/words/verb,0,0,4
1783973957389,5,Noun 2,Non HTTP response code: org.apache.http.NoHttpResponseException,"Number of samples in transaction : 1, number of failing samples : 1",Thread Group 1-1,,false,,2068,0,2,2,null,0,2003,2
1783973959392,5,Noun 2,Non HTTP response code: org.apache.http.NoHttpResponseException,Non HTTP response message: localhost:8080 failed to respond,Thread Group 1-1,text,false,,2068,0,2,2,http://localhost:8080/words/noun?n=2,0,0,2
1783973958271,3,Noun 2,Non HTTP response code: org.apache.http.NoHttpResponseException,"Number of samples in transaction : 1, number of failing samples : 1",Thread Group 1-2,,false,,2068,0,2,2,null,0,2002,2
1783973960273,3,Noun 2,Non HTTP response code: org.apache.http.NoHttpResponseException,Non HTTP response message: localhost:8080 failed to respond,Thread Group 1-2,text,false,,2068,0,2,2,http://localhost:8080/words/noun?n=2,0,0,2
1783973959398,6,Noun 1,Non HTTP response code: org.apache.http.NoHttpResponseException,"Number of samples in transaction : 1, number of failing samples : 1",Thread Group 1-1,,false,,2068,0,2,2,null,0,2001,2
1783973961399,6,Noun 1,Non HTTP response code: org.apache.http.NoHttpResponseException,Non HTTP response message: localhost:8080 failed to respond,Thread Group 1-1,text,false,,2068,0,2,2,http://localhost:8080/words/noun?n=1,0,0,2
1783973960277,41,Noun 1,Non HTTP response code: org.apache.http.NoHttpResponseException,"Number of samples in transaction : 1, number of failing samples : 1",Thread Group 1-2,,false,,2068,0,2,2,null,0,2008,1
1783973962280,41,Noun 1,Non HTTP response code: org.apache.http.NoHttpResponseException,Non HTTP response message: localhost:8080 failed to respond,Thread Group 1-2,text,false,,2068,0,2,2,http://localhost:8080/words/noun?n=1,0,0,1
1783973961406,160,Adjective  2,200,"Number of samples in transaction : 1, number of failing samples : 0",Thread Group 1-1,,true,,259,135,2,2,null,0,2011,10
1783973963414,160,Adjective  2,200,OK,Thread Group 1-1,text,true,,259,135,2,2,http://localhost:8080/words/adjective?n=2,160,0,10
1783973962327,21,Adjective  2,200,"Number of samples in transaction : 1, number of failing samples : 0",Thread Group 1-2,,true,,255,135,2,2,null,0,2003,1
1783973964329,21,Adjective  2,200,OK,Thread Group 1-2,text,true,,255,135,2,2,http://localhost:8080/words/adjective?n=2,20,0,1
1783973963578,26,Adjective  1,200,"Number of samples in transaction : 1, number of failing samples : 0",Thread Group 1-1,,true,,256,135,2,2,null,0,2007,0
1783973965585,26,Adjective  1,200,OK,Thread Group 1-1,text,true,,256,135,2,2,http://localhost:8080/words/adjective?n=1,26,0,0
1783973964350,16,Adjective  1,200,"Number of samples in transaction : 1, number of failing samples : 0",Thread Group 1-2,,true,,255,135,2,2,null,0,2006,0
1783973966355,16,Adjective  1,200,OK,Thread Group 1-2,text,true,,255,135,2,2,http://localhost:8080/words/adjective?n=1,16,0,0
1783973965611,54,Verb,200,"Number of samples in transaction : 1, number of failing samples : 0",Thread Group 1-1,,true,,249,126,2,2,null,0,2012,4
1783973967623,54,Verb,200,OK,Thread Group 1-1,text,true,,249,126,2,2,http://localhost:8080/words/verb,53,0,4
1783973966373,18,Verb,200,"Number of samples in transaction : 1, number of failing samples : 0",Thread Group 1-2,,true,,251,126,2,2,null,0,2006,1
1783973968379,18,Verb,200,OK,Thread Group 1-2,text,true,,251,126,2,2,http://localhost:8080/words/verb,18,0,1
1783973967680,80,Noun 2,200,"Number of samples in transaction : 1, number of failing samples : 0",Thread Group 1-1,,true,,251,130,2,2,null,0,2012,0
1783973969691,80,Noun 2,200,OK,Thread Group 1-1,text,true,,251,130,2,2,http://localhost:8080/words/noun?n=2,80,0,0
1783973968397,27,Noun 2,200,"Number of samples in transaction : 1, number of failing samples : 0",Thread Group 1-2,,true,,250,130,2,2,null,0,2005,0
1783973970402,27,Noun 2,200,OK,Thread Group 1-2,text,true,,250,130,2,2,http://localhost:8080/words/noun?n=2,27,0,0
1783973969773,53,Noun 1,200,"Number of samples in transaction : 1, number of failing samples : 0",Thread Group 1-1,,true,,252,130,2,2,null,0,2012,0
1783973971784,53,Noun 1,200,OK,Thread Group 1-1,text,true,,252,130,2,2,http://localhost:8080/words/noun?n=1,53,0,0
1783973970429,328,Noun 1,200,"Number of samples in transaction : 1, number of failing samples : 0",Thread Group 1-2,,true,,259,130,2,2,null,0,2011,0
1783973972439,328,Noun 1,200,OK,Thread Group 1-2,text,true,,259,130,2,2,http://localhost:8080/words/noun?n=1,327,0,0
1783973971841,58,Adjective  2,200,"Number of samples in transaction : 1, number of failing samples : 0",Thread Group 1-1,,true,,256,135,2,2,null,0,2007,0
1783973973847,58,Adjective  2,200,OK,Thread Group 1-1,text,true,,256,135,2,2,http://localhost:8080/words/adjective?n=2,58,0,0
1783973972772,19,Adjective  2,200,"Number of samples in transaction : 1, number of failing samples : 0",Thread Group 1-2,,true,,258,135,2,2,null,0,2007,0
1783973974778,19,Adjective  2,200,OK,Thread Group 1-2,text,true,,258,135,2,2,http://localhost:8080/words/adjective?n=2,19,0,0
1783973973907,24,Adjective  1,200,"Number of samples in transaction : 1, number of failing samples : 0",Thread Group 1-1,,true,,259,135,2,2,null,0,2002,0
1783973975909,24,Adjective  1,200,OK,Thread Group 1-1,text,true,,259,135,2,2,http://localhost:8080/words/adjective?n=1,24,0,0
1783973974798,12,Adjective  1,200,"Number of samples in transaction : 1, number of failing samples : 0",Thread Group 1-2,,true,,259,135,2,2,null,0,2004,0
1783973976802,12,Adjective  1,200,OK,Thread Group 1-2,text,true,,259,135,2,2,http://localhost:8080/words/adjective?n=1,12,0,0
1783973975934,48,Verb,200,"Number of samples in transaction : 1, number of failing samples : 0",Thread Group 1-1,,true,,252,126,2,2,null,0,2003,2
1783973977937,48,Verb,200,OK,Thread Group 1-1,text,true,,252,126,2,2,http://localhost:8080/words/verb,48,0,2
1783973976815,26,Verb,200,"Number of samples in transaction : 1, number of failing samples : 0",Thread Group 1-2,,true,,250,126,2,2,null,0,2004,1
1783973978819,26,Verb,200,OK,Thread Group 1-2,text,true,,250,126,2,2,http://localhost:8080/words/verb,26,0,1
1783973977985,28,Noun 2,200,"Number of samples in transaction : 1, number of failing samples : 0",Thread Group 1-1,,true,,252,130,2,2,null,0,2002,0
1783973979987,28,Noun 2,200,OK,Thread Group 1-1,text,true,,252,130,2,2,http://localhost:8080/words/noun?n=2,28,0,0
1783973978846,12,Noun 2,200,"Number of samples in transaction : 1, number of failing samples : 0",Thread Group 1-2,,true,,252,130,2,2,null,0,2005,0
1783973980851,12,Noun 2,200,OK,Thread Group 1-2,text,true,,252,130,2,2,http://localhost:8080/words/noun?n=2,12,0,0
1783973980017,19,Noun 1,200,"Number of samples in transaction : 1, number of failing samples : 0",Thread Group 1-1,,true,,252,130,2,2,null,0,2005,0
1783973982022,19,Noun 1,200,OK,Thread Group 1-1,text,true,,252,130,2,2,http://localhost:8080/words/noun?n=1,19,0,0
1783973980863,13,Noun 1,200,"Number of samples in transaction : 1, number of failing samples : 0",Thread Group 1-2,,true,,255,130,2,2,null,0,2003,0
1783973982866,13,Noun 1,200,OK,Thread Group 1-2,text,true,,255,130,2,2,http://localhost:8080/words/noun?n=1,13,0,0
1783973982042,44,Adjective  2,200,"Number of samples in transaction : 1, number of failing samples : 0",Thread Group 1-1,,true,,259,135,2,2,null,0,2001,0
1783973984043,44,Adjective  2,200,OK,Thread Group 1-1,text,true,,259,135,2,2,http://localhost:8080/words/adjective?n=2,44,0,0
1783973982880,16,Adjective  2,200,"Number of samples in transaction : 1, number of failing samples : 0",Thread Group 1-2,,true,,250,135,2,2,null,0,2003,0
1783973984883,16,Adjective  2,200,OK,Thread Group 1-2,text,true,,250,135,2,2,http://localhost:8080/words/adjective?n=2,16,0,0
1783973984088,22,Adjective  1,200,"Number of samples in transaction : 1, number of failing samples : 0",Thread Group 1-1,,true,,256,135,2,2,null,0,2002,0
1783973986090,22,Adjective  1,200,OK,Thread Group 1-1,text,true,,256,135,2,2,http://localhost:8080/words/adjective?n=1,22,0,0
1783973984899,12,Adjective  1,200,"Number of samples in transaction : 1, number of failing samples : 0",Thread Group 1-2,,true,,255,135,2,2,null,0,2003,0
1783973986902,12,Adjective  1,200,OK,Thread Group 1-2,text,true,,255,135,2,2,http://localhost:8080/words/adjective?n=1,12,0,0
1783973986112,45,Verb,200,"Number of samples in transaction : 1, number of failing samples : 0",Thread Group 1-1,,true,,251,126,2,2,null,0,2006,7
1783973988119,45,Verb,200,OK,Thread Group 1-1,text,true,,251,126,2,2,http://localhost:8080/words/verb,45,0,7
1783973986915,19,Verb,200,"Number of samples in transaction : 1, number of failing samples : 0",Thread Group 1-2,,true,,259,126,2,2,null,0,2003,2
1783973988918,19,Verb,200,OK,Thread Group 1-2,text,true,,259,126,2,2,http://localhost:8080/words/verb,19,0,2
1783973988164,6,Noun 2,200,"Number of samples in transaction : 1, number of failing samples : 0",Thread Group 1-1,,true,,259,130,2,2,null,0,2007,0
1783973990170,6,Noun 2,200,OK,Thread Group 1-1,text,true,,259,130,2,2,http://localhost:8080/words/noun?n=2,6,0,0
1783973988938,45,Noun 2,200,"Number of samples in transaction : 1, number of failing samples : 0",Thread Group 1-2,,true,,252,130,2,2,null,0,2002,0
1783973990940,45,Noun 2,200,OK,Thread Group 1-2,text,true,,252,130,2,2,http://localhost:8080/words/noun?n=2,45,0,0
1783973990177,17,Noun 1,200,"Number of samples in transaction : 1, number of failing samples : 0",Thread Group 1-1,,true,,252,130,2,2,null,0,2004,0
1783973992180,17,Noun 1,200,OK,Thread Group 1-1,text,true,,252,130,2,2,http://localhost:8080/words/noun?n=1,17,0,0
1783973990985,11,Noun 1,200,"Number of samples in transaction : 1, number of failing samples : 0",Thread Group 1-2,,true,,256,130,2,2,null,0,2005,0
1783973992990,11,Noun 1,200,OK,Thread Group 1-2,text,true,,256,130,2,2,http://localhost:8080/words/noun?n=1,11,0,0
1783973992198,11,Adjective  2,200,"Number of samples in transaction : 1, number of failing samples : 0",Thread Group 1-1,,true,,258,135,2,2,null,0,2000,0
1783973994198,11,Adjective  2,200,OK,Thread Group 1-1,text,true,,258,135,2,2,http://localhost:8080/words/adjective?n=2,10,0,0
1783973993001,20,Adjective  2,200,"Number of samples in transaction : 1, number of failing samples : 0",Thread Group 1-2,,true,,256,135,2,2,null,0,2004,0
1783973995005,20,Adjective  2,200,OK,Thread Group 1-2,text,true,,256,135,2,2,http://localhost:8080/words/adjective?n=2,20,0,0
1783973994209,9,Adjective  1,200,"Number of samples in transaction : 1, number of failing samples : 0",Thread Group 1-1,,true,,251,135,2,2,null,0,2006,0
1783973996215,9,Adjective  1,200,OK,Thread Group 1-1,text,true,,251,135,2,2,http://localhost:8080/words/adjective?n=1,8,0,0
1783973995026,65,Adjective  1,200,"Number of samples in transaction : 1, number of failing samples : 0",Thread Group 1-2,,true,,255,135,1,1,null,0,2003,0
1783973997028,65,Adjective  1,200,OK,Thread Group 1-2,text,true,,255,135,1,1,http://localhost:8080/words/adjective?n=1,64,0,0
